concept_id,display_label,source_type,source_table,source_row_id,primary_url,status,deprecated_at,deprecated_reason
algorithm:falcon-spec-v12,Falcon-Spec-v12,algorithm,library,Falcon-Spec-v12,https://falcon-sign.info/falcon.pdf,active,,
framework:nist-cswp-39,NIST CSWP 39,framework,library,NIST CSWP 39,https://nvlpubs.nist.gov/nistpubs/CSWP/NIST.CSWP.39.pdf,active,,
framework:nist-cswp-48,NIST CSWP 48,framework,library,NIST CSWP 48,https://nvlpubs.nist.gov/nistpubs/CSWP/NIST.CSWP.48.ipd.pdf,active,,
framework:nist-ir-8477,NIST IR 8477,framework,library,NIST IR 8477,https://csrc.nist.gov/publications/detail/ir/8477/final,active,,
guidance:anssi-bsi-qkd-position-paper,ANSSI-BSI-QKD-Position-Paper,guidance,library,ANSSI-BSI-QKD-Position-Paper,,active,,
guidance:anssi-pqc-follow-up-paper,ANSSI PQC Follow-up Paper,guidance,library,ANSSI PQC Follow-up Paper,https://cyber.gouv.fr/sites/default/files/document/follow_up_position_paper_on_post_quantum_cryptography.pdf,active,,
guidance:anssi-pqc-position-paper,ANSSI PQC Position Paper,guidance,library,ANSSI PQC Position Paper,https://cyber.gouv.fr/sites/default/files/2022/04/anssi-avis-migration-vers-la-cryptographie-post-quantique.pdf,active,,
guidance:au-asd-ism-crypto-2024,AU-ASD-ISM-Crypto-2024,guidance,library,AU-ASD-ISM-Crypto-2024,https://www.cyber.gov.au/sites/default/files/2024-12/22.%20ISM%20-%20Guidelines%20for%20Cryptography%20(December%202024).pdf,active,,
guidance:bsi-anssi-qkd-position-2024,BSI-ANSSI-QKD-Position-2024,guidance,library,BSI-ANSSI-QKD-Position-2024,https://www.bsi.bund.de/SharedDocs/Downloads/EN/BSI/Crypto/Quantum_Positionspapier.pdf?__blob=publicationFile&v=4,active,,
guidance:bsi-tr-02102,BSI TR-02102,guidance,library,BSI TR-02102,https://www.bsi.bund.de/SharedDocs/Downloads/EN/BSI/Publications/TechGuidelines/TG02102/BSI-TR-02102-1.pdf,active,,
guidance:bsi-tr-02102-1,BSI TR-02102-1,guidance,library,BSI TR-02102-1,https://www.bsi.bund.de/SharedDocs/Downloads/EN/BSI/Publications/TechGuidelines/TG02102/BSI-TR-02102-1.pdf,active,,
guidance:bsi-tr-02102-2,BSI TR-02102-2,guidance,library,BSI TR-02102-2,https://www.bsi.bund.de/SharedDocs/Downloads/EN/BSI/Publications/TechGuidelines/TG02102/BSI-TR-02102-2.pdf,active,,
guidance:bsi-tr-02102-3,BSI TR-02102-3,guidance,library,BSI TR-02102-3,https://www.bsi.bund.de/SharedDocs/Downloads/EN/BSI/Publications/TechGuidelines/TG02102/BSI-TR-02102-3.pdf,active,,
guidance:bsi-tr-02102-4,BSI TR-02102-4,guidance,library,BSI TR-02102-4,https://www.bsi.bund.de/SharedDocs/Downloads/EN/BSI/Publications/TechGuidelines/TG02102/BSI-TR-02102-4.pdf,active,,
guidance:ca-tbs-spin-pqc-2025,CA-TBS-SPIN-PQC-2025,guidance,library,CA-TBS-SPIN-PQC-2025,https://www.canada.ca/en/government/system/digital-government/policies-standards/spin/migrating-government-canada-post-quantum-cryptography.html,active,,
guidance:circl-cloudflare,CIRCL-Cloudflare,guidance,library,CIRCL-Cloudflare,https://github.com/cloudflare/circl,active,,
guidance:cisa-pqc-category-list-2026,CISA-PQC-CATEGORY-LIST-2026,guidance,library,CISA-PQC-CATEGORY-LIST-2026,https://www.cisa.gov/resources-tools/resources/product-categories-technologies-use-post-quantum-cryptography-standards,active,,
guidance:cnssp-11,CNSSP 11,guidance,library,CNSSP 11,https://www.cnss.gov/CNSS/issuances/Policies.htm,active,,
guidance:cnssp-15,CNSSP 15,guidance,library,CNSSP 15,https://www.cnss.gov/CNSS/issuances/Policies.htm,active,,
guidance:dora-reg-2022-2554,DORA-REG-2022-2554,guidance,library,DORA-REG-2022-2554,https://eur-lex.europa.eu/legal-content/EN/TXT/PDF/?uri=CELEX:32022R2554,active,,
guidance:eidas-2-regulation,eIDAS-2-Regulation,guidance,library,eIDAS-2-Regulation,https://eur-lex.europa.eu/legal-content/EN/TXT/?uri=CELEX%3A32024R1183,active,,
guidance:enisa-pqc-guidelines,ENISA PQC Guidelines,guidance,library,ENISA PQC Guidelines,https://www.enisa.europa.eu/publications/post-quantum-cryptography-current-state-and-quantum-mitigation,active,,
guidance:enisa-pqc-integration-study-2022,ENISA-PQC-Integration-Study-2022,guidance,library,ENISA-PQC-Integration-Study-2022,https://www.enisa.europa.eu/publications/post-quantum-cryptography-integration-study,active,,
guidance:eu-bsi-pqc-joint-statement-2024,EU-BSI-PQC-Joint-Statement-2024,guidance,library,EU-BSI-PQC-Joint-Statement-2024,https://www.bsi.bund.de/SharedDocs/Downloads/EN/BSI/Crypto/PQC-joint-statement.pdf,active,,
guidance:g7-ceg-financial-pqc-2026,G7-CEG-Financial-PQC-2026,guidance,library,G7-CEG-Financial-PQC-2026,https://home.treasury.gov/,active,,
guidance:mas-circular-it-risk,MAS-CIRCULAR-IT-RISK,guidance,library,MAS-CIRCULAR-IT-RISK,https://www.mas.gov.sg/-/media/MAS/Regulations-and-Financial-Stability/Regulatory-and-Supervisory-Framework/Risk-Management/TRM-Guidelines-18-January-2021.pdf,active,,
guidance:nerc-cip-reqs,NERC-CIP-REQS,guidance,library,NERC-CIP-REQS,https://www.nerc.com/pa/Stand/Reliability%20Standards%20Complete%20Set/RSCompleteSet.pdf,active,,
guidance:nis2-directive-2022-2555,NIS2-DIRECTIVE-2022-2555,guidance,library,NIS2-DIRECTIVE-2022-2555,https://eur-lex.europa.eu/legal-content/EN/TXT/PDF/?uri=CELEX:32022L2555,active,,
guidance:nsa-cnsa-20,NSA CNSA 2.0,guidance,library,NSA CNSA 2.0,https://media.defense.gov/2025/May/30/2003728741/-1/-1/0/CSA_CNSA_2.0_ALGORITHMS.PDF,active,,
guidance:nsa-cnsa-20-faq,NSA CNSA 2.0 FAQ,guidance,library,NSA CNSA 2.0 FAQ,https://media.defense.gov/2022/Sep/07/2003071836/-1/-1/0/CSI_CNSA_2.0_FAQ_.PDF,active,,
guidance:nsm-10,NSM-10,guidance,library,NSM-10,https://bidenwhitehouse.archives.gov/briefing-room/statements-releases/2022/05/04/national-security-memorandum-on-promoting-united-states-leadership-in-quantum-computing-while-mitigating-risks-to-vulnerable-cryptographic-systems/,active,,
guidance:nsm-8,NSM-8,guidance,library,NSM-8,https://www.whitehouse.gov/briefing-room/statements-releases/2022/01/19/memorandum-on-improving-the-cybersecurity-of-national-security-department-of-defense-and-intelligence-community-systems/,active,,
guidance:pci-dss-qrg,PCI-DSS-QRG,guidance,library,PCI-DSS-QRG,https://www.pcisecuritystandards.org/documents/PCIDSS_QRGv3.pdf,active,,
guidance:sg-mas-quantum-advisory-2024,SG-MAS-Quantum-Advisory-2024,guidance,library,SG-MAS-Quantum-Advisory-2024,https://www.mas.gov.sg/regulation/circulars/advisory-on-addressing-the-cybersecurity-risks-associated-with-quantum,active,,
guidance:uk-ncsc-migration-timelines-2025,UK-NCSC-Migration-Timelines-2025,guidance,library,UK-NCSC-Migration-Timelines-2025,https://www.ncsc.gov.uk/guidance/pqc-migration-timelines,active,,
guidance:uk-ncsc-pqc-guidance,UK NCSC PQC Guidance,guidance,library,UK NCSC PQC Guidance,https://www.ncsc.gov.uk/whitepaper/quantum-safe-cryptography,active,,
guidance:us-cisa-pqc-ot-2024,US-CISA-PQC-OT-2024,guidance,library,US-CISA-PQC-OT-2024,https://www.cisa.gov/sites/default/files/2024-10/Post-Quantum%20Considerations%20for%20Operational%20Technology%20(508).pdf,active,,
standard:algorand-pqc-technical-brief,Algorand-PQC-Technical-Brief,standard,library,Algorand-PQC-Technical-Brief,,active,,
standard:ansi-x962,ANSI X9.62,standard,library,ANSI X9.62,https://webstore.ansi.org/standards/ascx9/ansix9622005,active,,
standard:ansi-x963,ANSI X9.63,standard,library,ANSI X9.63,https://webstore.ansi.org/standards/ascx9/ansix9632011,active,,
standard:aptos-aip137-slh-dsa,Aptos-AIP137-SLH-DSA,standard,library,Aptos-AIP137-SLH-DSA,,active,,
standard:aq-pqc-migration-framework-v11-2026,AQ-PQC-Migration-Framework-v1.1-2026,standard,library,AQ-PQC-Migration-Framework-v1.1-2026,https://pqcframework.com/wp-content/uploads/2026/03/The-Applied-Quantum-PQC-Migration-Framework-Universal-v.1.1-Mar2026.pdf,active,,
standard:arstechnica-ransomware-quantum-safe-2026,ArsTechnica-Ransomware-Quantum-Safe-2026,standard,library,ArsTechnica-Ransomware-Quantum-Safe-2026,https://arstechnica.com/security/2026/04/now-even-ransomware-is-using-post-quantum-cryptography/,active,,
standard:arxiv-2025-slh-dsa-rowhammer,ArXiv-2025-SLH-DSA-Rowhammer,standard,library,ArXiv-2025-SLH-DSA-Rowhammer,https://doi.org/10.48550/arXiv.2509.13048,active,,
standard:bip-141,BIP-141,standard,library,BIP-141,https://github.com/bitcoin/bips/blob/master/bip-0141.mediawiki,active,,
standard:bip-32,BIP-32,standard,library,BIP-32,https://github.com/bitcoin/bips/blob/master/bip-0032.mediawiki,active,,
standard:bip-340,BIP-340,standard,library,BIP-340,https://github.com/bitcoin/bips/blob/master/bip-0340.mediawiki,active,,
standard:bip-341,BIP-341,standard,library,BIP-341,https://github.com/bitcoin/bips/blob/master/bip-0341.mediawiki,active,,
standard:bip-43,BIP-43,standard,library,BIP-43,https://github.com/bitcoin/bips/blob/master/bip-0043.mediawiki,active,,
standard:bip-44,BIP-44,standard,library,BIP-44,https://github.com/bitcoin/bips/blob/master/bip-0044.mediawiki,active,,
standard:bitcoin-bip360-p2qrh,Bitcoin-BIP360-P2QRH,standard,library,Bitcoin-BIP360-P2QRH,https://github.com/bitcoin/bips/blob/master/bip-0360.mediawiki,active,,
standard:bitcoin-whitepaper,Bitcoin-Whitepaper,standard,library,Bitcoin-Whitepaper,https://bitcoin.org/bitcoin.pdf,active,,
standard:bsi-ais-20-31,BSI-AIS-20-31,standard,library,BSI-AIS-20-31,https://www.bsi.bund.de/SharedDocs/Downloads/EN/BSI/Certification/Interpretations/AIS_20_AIS_31_Functionality_classes_for_random_number_generators_e.html,active,,
standard:ca-b-forum-ballot-smc013,CA-B-Forum-Ballot-SMC013,standard,library,CA-B-Forum-Ballot-SMC013,https://cabforum.org/2025/07/02/ballot-smc-013/,active,,
standard:canada-cse-pqc-guidance,Canada CSE PQC Guidance,standard,library,Canada CSE PQC Guidance,https://www.cyber.gc.ca/en/guidance/roadmap-migration-post-quantum-cryptography-government-canada-itsm40001,active,,
standard:cloudflare-mtc-blog,Cloudflare-MTC-Blog,standard,library,Cloudflare-MTC-Blog,https://blog.cloudflare.com/bootstrap-mtc/,active,,
standard:cloudflare-pq-internet-2025,Cloudflare-PQ-Internet-2025,standard,library,Cloudflare-PQ-Internet-2025,https://blog.cloudflare.com/pq-2025/,active,,
standard:common-criteria,COMMON-CRITERIA,standard,library,COMMON-CRITERIA,https://www.commoncriteriaportal.org/cc/,active,,
standard:cot-decrypting-future-pqc-timelines-2026,CoT-Decrypting-Future-PQC-Timelines-2026,standard,library,CoT-Decrypting-Future-PQC-Timelines-2026,https://www.charteroftrust.com/wp-content/uploads/2026/04/20260115_PQC-Decrypting-the-Future_FINAL-1.pdf,active,,
standard:csa-practitioners-guide-pqc-2025,CSA-Practitioners-Guide-PQC-2025,standard,library,CSA-Practitioners-Guide-PQC-2025,https://cloudsecurityalliance.org/artifacts/a-practitioners-guide-to-post-quantum-cryptography,active,,
standard:cz-nukib-crypto-requirements-2023,CZ-NUKIB-Crypto-Requirements-2023,standard,library,CZ-NUKIB-Crypto-Requirements-2023,https://nukib.gov.cz/download/publications_en/Minimum%20Requirements%20for%20Cryptographic%20Algorithms.pdf,active,,
standard:dod-cio-pqc-memo-2025,DoD-CIO-PQC-Memo-2025,standard,library,DoD-CIO-PQC-Memo-2025,https://dodcio.defense.gov/Portals/0/Documents/Library/PreparingForMigrationPQC.pdf,active,,
standard:draft-becker-cnsa2-ssh-profile,draft-becker-cnsa2-ssh-profile,standard,library,draft-becker-cnsa2-ssh-profile,https://datatracker.ietf.org/doc/draft-becker-cnsa2-ssh-profile/,active,,
standard:draft-celi-wiggers-tls-authkem,draft-celi-wiggers-tls-authkem,standard,library,draft-celi-wiggers-tls-authkem,https://datatracker.ietf.org/doc/draft-celi-wiggers-tls-authkem/,active,,
standard:draft-hu-ipsecme-pqt-hybrid-auth,draft-hu-ipsecme-pqt-hybrid-auth,standard,library,draft-hu-ipsecme-pqt-hybrid-auth,https://datatracker.ietf.org/doc/draft-hu-ipsecme-pqt-hybrid-auth/,active,,
standard:draft-ietf-cose-dilithium,draft-ietf-cose-dilithium,standard,library,draft-ietf-cose-dilithium,https://www.ietf.org/archive/id/draft-ietf-cose-dilithium-11.html,active,,
standard:draft-ietf-cose-dilithium-05,draft-ietf-cose-dilithium-05,standard,library,draft-ietf-cose-dilithium-05,https://datatracker.ietf.org/doc/draft-ietf-cose-dilithium/,active,,
standard:draft-ietf-cose-falcon-04,draft-ietf-cose-falcon-04,standard,library,draft-ietf-cose-falcon-04,https://datatracker.ietf.org/doc/draft-ietf-cose-falcon/04/,active,,
standard:draft-ietf-ipsecme-ikev2-downgrade-prevention,draft-ietf-ipsecme-ikev2-downgrade-prevention,standard,library,draft-ietf-ipsecme-ikev2-downgrade-prevention,https://datatracker.ietf.org/doc/draft-ietf-ipsecme-ikev2-downgrade-prevention/,active,,
standard:draft-ietf-ipsecme-ikev2-mlkem,draft-ietf-ipsecme-ikev2-mlkem,standard,library,draft-ietf-ipsecme-ikev2-mlkem,https://datatracker.ietf.org/doc/draft-ietf-ipsecme-ikev2-mlkem/,active,,
standard:draft-ietf-ipsecme-ikev2-pqc-auth,draft-ietf-ipsecme-ikev2-pqc-auth,standard,library,draft-ietf-ipsecme-ikev2-pqc-auth,https://datatracker.ietf.org/doc/draft-ietf-ipsecme-ikev2-pqc-auth/,active,,
standard:draft-ietf-jose-pqc-kem,draft-ietf-jose-pqc-kem,standard,library,draft-ietf-jose-pqc-kem,https://datatracker.ietf.org/doc/draft-ietf-jose-pqc-kem/,active,,
standard:draft-ietf-lake-edhoc-psk,draft-ietf-lake-edhoc-psk,standard,library,draft-ietf-lake-edhoc-psk,https://datatracker.ietf.org/doc/draft-ietf-lake-edhoc-psk/,active,,
standard:draft-ietf-lamps-cert-binding-for-multi-auth,draft-ietf-lamps-cert-binding-for-multi-auth,standard,library,draft-ietf-lamps-cert-binding-for-multi-auth,https://datatracker.ietf.org/doc/draft-ietf-lamps-cert-binding-for-multi-auth/,active,,
standard:draft-ietf-lamps-cms-kyber-13,draft-ietf-lamps-cms-kyber-13,standard,library,draft-ietf-lamps-cms-kyber-13,https://datatracker.ietf.org/doc/draft-ietf-lamps-cms-kyber/,active,,
standard:draft-ietf-lamps-dilithium-certificates,draft-ietf-lamps-dilithium-certificates,standard,library,draft-ietf-lamps-dilithium-certificates,https://datatracker.ietf.org/doc/draft-ietf-lamps-dilithium-certificates/,active,,
standard:draft-ietf-lamps-dilithium-certificates-13,draft-ietf-lamps-dilithium-certificates-13,standard,library,draft-ietf-lamps-dilithium-certificates-13,https://datatracker.ietf.org/doc/draft-ietf-lamps-dilithium-certificates/,active,,
standard:draft-ietf-lamps-kyber-certificates,draft-ietf-lamps-kyber-certificates,standard,library,draft-ietf-lamps-kyber-certificates,https://datatracker.ietf.org/doc/draft-ietf-lamps-kyber-certificates/,active,,
standard:draft-ietf-lamps-pq-composite-sigs-15,draft-ietf-lamps-pq-composite-sigs-15,standard,library,draft-ietf-lamps-pq-composite-sigs-15,https://datatracker.ietf.org/doc/draft-ietf-lamps-pq-composite-sigs/,active,,
standard:draft-ietf-openpgp-pqc-17,draft-ietf-openpgp-pqc-17,standard,library,draft-ietf-openpgp-pqc-17,https://datatracker.ietf.org/doc/draft-ietf-openpgp-pqc/,active,,
standard:draft-ietf-opsawg-rfc5706bis,draft-ietf-opsawg-rfc5706bis,standard,library,draft-ietf-opsawg-rfc5706bis,https://datatracker.ietf.org/doc/draft-ietf-opsawg-rfc5706bis/,active,,
standard:draft-ietf-pquip-hbs-state,draft-ietf-pquip-hbs-state,standard,library,draft-ietf-pquip-hbs-state,https://datatracker.ietf.org/doc/draft-ietf-pquip-hbs-state/,active,,
standard:draft-ietf-pquip-hybrid-signature-spectrums,draft-ietf-pquip-hybrid-signature-spectrums,standard,library,draft-ietf-pquip-hybrid-signature-spectrums,https://datatracker.ietf.org/doc/draft-ietf-pquip-hybrid-signature-spectrums/,active,,
standard:draft-ietf-pquip-pqc-engineers-14,draft-ietf-pquip-pqc-engineers-14,standard,library,draft-ietf-pquip-pqc-engineers-14,https://datatracker.ietf.org/doc/draft-ietf-pquip-pqc-engineers/,active,,
standard:draft-ietf-pquip-pqt-hybrid-terminology,draft-ietf-pquip-pqt-hybrid-terminology,standard,library,draft-ietf-pquip-pqt-hybrid-terminology,https://datatracker.ietf.org/doc/draft-ietf-pquip-pqt-hybrid-terminology/,active,,
standard:draft-ietf-sshm-mlkem-hybrid-kex,draft-ietf-sshm-mlkem-hybrid-kex,standard,library,draft-ietf-sshm-mlkem-hybrid-kex,https://datatracker.ietf.org/doc/draft-ietf-sshm-mlkem-hybrid-kex/,active,,
standard:draft-ietf-sshm-ntruprime-ssh,draft-ietf-sshm-ntruprime-ssh,standard,library,draft-ietf-sshm-ntruprime-ssh,https://datatracker.ietf.org/doc/draft-ietf-sshm-ntruprime-ssh/,active,,
standard:draft-ietf-tls-authkem,draft-ietf-tls-authkem,standard,library,draft-ietf-tls-authkem,https://datatracker.ietf.org/doc/draft-ietf-tls-authkem/,active,,
standard:draft-ietf-tls-ecdhe-mlkem-04,draft-ietf-tls-ecdhe-mlkem-04,standard,library,draft-ietf-tls-ecdhe-mlkem-04,https://datatracker.ietf.org/doc/draft-ietf-tls-ecdhe-mlkem/,active,,
standard:draft-ietf-tls-hybrid-design-16,draft-ietf-tls-hybrid-design-16,standard,library,draft-ietf-tls-hybrid-design-16,https://datatracker.ietf.org/doc/draft-ietf-tls-hybrid-design/,active,,
standard:draft-ietf-tls-merkle-tree-certs,draft-ietf-tls-merkle-tree-certs,standard,library,draft-ietf-tls-merkle-tree-certs,https://www.ietf.org/archive/id/draft-ietf-plants-merkle-tree-certs-02.html,active,,
standard:draft-ietf-tls-mldsa-02,draft-ietf-tls-mldsa-02,standard,library,draft-ietf-tls-mldsa-02,https://datatracker.ietf.org/doc/draft-ietf-tls-mldsa/02/,active,,
standard:draft-ietf-tls-mlkem-07,draft-ietf-tls-mlkem-07,standard,library,draft-ietf-tls-mlkem-07,https://datatracker.ietf.org/doc/draft-ietf-tls-mlkem/,active,,
standard:draft-ietf-tls-rfc8447bis-15,draft-ietf-tls-rfc8447bis-15,standard,library,draft-ietf-tls-rfc8447bis-15,https://datatracker.ietf.org/doc/draft-ietf-tls-rfc8447bis/,active,,
standard:draft-ietf-tls-semistatic-dh,draft-ietf-tls-semistatic-dh,standard,library,draft-ietf-tls-semistatic-dh,https://datatracker.ietf.org/doc/draft-ietf-tls-semistatic-dh/,active,,
standard:draft-ietf-tls-subcerts,draft-ietf-tls-subcerts,standard,library,draft-ietf-tls-subcerts,https://datatracker.ietf.org/doc/draft-ietf-tls-subcerts/,active,,
standard:draft-ietf-uta-pqc-app-01,draft-ietf-uta-pqc-app-01,standard,library,draft-ietf-uta-pqc-app-01,https://datatracker.ietf.org/doc/draft-ietf-uta-pqc-app/01/,active,,
standard:draft-kampanakis-curdle-ssh-pq-ke,draft-kampanakis-curdle-ssh-pq-ke,standard,library,draft-kampanakis-curdle-ssh-pq-ke,https://datatracker.ietf.org/doc/draft-kampanakis-curdle-ssh-pq-ke/,active,,
standard:draft-sfluhrer-ipsecme-ikev2-mldsa,draft-sfluhrer-ipsecme-ikev2-mldsa,standard,library,draft-sfluhrer-ipsecme-ikev2-mldsa,https://www.ietf.org/archive/id/draft-sfluhrer-ipsecme-ikev2-mldsa-01.html,active,,
standard:draft-sfluhrer-ipsecme-ikev2-mldsa-01,draft-sfluhrer-ipsecme-ikev2-mldsa-01,standard,library,draft-sfluhrer-ipsecme-ikev2-mldsa-01,https://datatracker.ietf.org/doc/draft-sfluhrer-ipsecme-ikev2-mldsa/01/,active,,
standard:draft-spm-lake-pqsuites,draft-spm-lake-pqsuites,standard,library,draft-spm-lake-pqsuites,https://datatracker.ietf.org/doc/draft-spm-lake-pqsuites/,active,,
standard:draft-turner-lamps-cms-fn-dsa-00,draft-turner-lamps-cms-fn-dsa-00,standard,library,draft-turner-lamps-cms-fn-dsa-00,https://datatracker.ietf.org/doc/draft-turner-lamps-cms-fn-dsa/,active,,
standard:draft-vitap-ml-dsa-webauthn,draft-vitap-ml-dsa-webauthn,standard,library,draft-vitap-ml-dsa-webauthn,https://datatracker.ietf.org/doc/draft-vitap-ml-dsa-webauthn/,active,,
standard:draft-wang-ipsecme-kem-auth-ikev2-03,draft-wang-ipsecme-kem-auth-ikev2-03,standard,library,draft-wang-ipsecme-kem-auth-ikev2-03,https://datatracker.ietf.org/doc/draft-wang-ipsecme-kem-auth-ikev2/03/,active,,
standard:draft-wiggers-tls-authkem-psk,draft-wiggers-tls-authkem-psk,standard,library,draft-wiggers-tls-authkem-psk,https://datatracker.ietf.org/doc/draft-wiggers-tls-authkem-psk/,active,,
standard:draft-yang-tls-hybrid-sm2-mlkem-03,draft-yang-tls-hybrid-sm2-mlkem-03,standard,library,draft-yang-tls-hybrid-sm2-mlkem-03,https://datatracker.ietf.org/doc/draft-yang-tls-hybrid-sm2-mlkem/,active,,
standard:ec-recommendation-2024-1101,EC-Recommendation-2024-1101,standard,library,EC-Recommendation-2024-1101,https://eur-lex.europa.eu/legal-content/EN/TXT/PDF/?uri=OJ:L_202401101,active,,
standard:eff-encryption-y2k-moment-2026,EFF-Encryption-Y2K-Moment-2026,standard,library,EFF-Encryption-Y2K-Moment-2026,https://www.eff.org/deeplinks/2026/04/yikes-encryptions-y2k-moment-coming-years-early,active,,
standard:eip-2,EIP-2,standard,library,EIP-2,https://eips.ethereum.org/EIPS/eip-2,active,,
standard:eip-2718,EIP-2718,standard,library,EIP-2718,https://eips.ethereum.org/EIPS/eip-2718,active,,
standard:eip-2929,EIP-2929,standard,library,EIP-2929,https://eips.ethereum.org/EIPS/eip-2929,active,,
standard:eip-2930,EIP-2930,standard,library,EIP-2930,https://eips.ethereum.org/EIPS/eip-2930,active,,
standard:eip-3541,EIP-3541,standard,library,EIP-3541,https://eips.ethereum.org/EIPS/eip-3541,active,,
standard:eip-3607,EIP-3607,standard,library,EIP-3607,https://eips.ethereum.org/EIPS/eip-3607,active,,
standard:eip-4844,EIP-4844,standard,library,EIP-4844,https://eips.ethereum.org/EIPS/eip-4844,active,,
standard:eo-14028,EO-14028,standard,library,EO-14028,https://www.federalregister.gov/documents/2021/05/17/2021-10460/improving-the-nations-cybersecurity,active,,
standard:eo-14144,EO-14144,standard,library,EO-14144,https://www.federalregister.gov/documents/2025/01/17/2025-01470/strengthening-and-promoting-innovation-in-the-nations-cybersecurity,active,,
standard:ethereum-eip4337-aa,Ethereum-EIP4337-AA,standard,library,Ethereum-EIP4337-AA,https://eips.ethereum.org/EIPS/eip-4337,active,,
standard:ethereum-eip7702,Ethereum-EIP7702,standard,library,Ethereum-EIP7702,https://eips.ethereum.org/EIPS/eip-7702,active,,
standard:ethereum-pqc-tasklist-ethresearch,Ethereum-PQC-Tasklist-Ethresearch,standard,library,Ethereum-PQC-Tasklist-Ethresearch,https://ethresear.ch/t/tasklist-for-post-quantum-eth/21296,active,,
standard:ethereum-yellow-paper,Ethereum-Yellow-Paper,standard,library,Ethereum-Yellow-Paper,https://ethereum.github.io/yellowpaper/paper.pdf,active,,
standard:etsi-gs-qkd-002,ETSI-GS-QKD-002,standard,library,ETSI-GS-QKD-002,https://www.etsi.org/deliver/etsi_gs/qkd/001_099/002/01.01.01_60/gs_qkd002v010101p.pdf,active,,
standard:etsi-gs-qkd-004,ETSI-GS-QKD-004,standard,library,ETSI-GS-QKD-004,https://www.etsi.org/deliver/etsi_gs/QKD/001_099/004/02.01.01_60/gs_qkd004v020101p.pdf,active,,
standard:etsi-gs-qkd-014,ETSI-GS-QKD-014,standard,library,ETSI-GS-QKD-014,https://www.etsi.org/deliver/etsi_gs/QKD/001_099/014/01.01.01_60/gs_qkd014v010101p.pdf,active,,
standard:etsi-tr-103-619,ETSI TR 103 619,standard,library,ETSI TR 103 619,https://www.etsi.org/deliver/etsi_tr/103600_103699/103619/01.01.01_60/tr_103619v010101p.pdf,active,,
standard:etsi-ts-103-744,ETSI TS 103 744,standard,library,ETSI TS 103 744,https://www.etsi.org/deliver/etsi_ts/103700_103799/103744/01.02.01_60/ts_103744v010201p.pdf,active,,
standard:eu-nis-cg-roadmap-v11,EU-NIS-CG-Roadmap-v1.1,standard,library,EU-NIS-CG-Roadmap-v1.1,https://digital-strategy.ec.europa.eu/en/library/coordinated-implementation-roadmap-transition-post-quantum-cryptography,active,,
standard:eu-pqc-recommendation,EU PQC Recommendation,standard,library,EU PQC Recommendation,https://digital-strategy.ec.europa.eu/en/library/recommendation-coordinated-implementation-roadmap-transition-post-quantum-cryptography,active,,
standard:eu-rec-2024-1101,EU-REC-2024-1101,standard,library,EU-REC-2024-1101,https://eur-lex.europa.eu/legal-content/EN/TXT/PDF/?uri=CELEX:32024H1101,active,,
standard:eudi-wallet-arf,EUDI-Wallet-ARF,standard,library,EUDI-Wallet-ARF,https://github.com/eu-digital-identity-wallet/eudi-doc-architecture-and-reference-framework,active,,
standard:fips-140-3,FIPS-140-3,standard,library,FIPS-140-3,https://csrc.nist.gov/pubs/fips/140-3/final,active,,
standard:fips-140-3-standard,FIPS-140-3-STANDARD,standard,library,FIPS-140-3-STANDARD,https://nvlpubs.nist.gov/nistpubs/FIPS/NIST.FIPS.140-3.pdf,active,,
standard:fips-180,FIPS 180,standard,library,FIPS 180,https://csrc.nist.gov/publications/detail/fips/180/4/final,active,,
standard:fips-180-4,FIPS-180-4,standard,library,FIPS-180-4,https://nvlpubs.nist.gov/nistpubs/FIPS/NIST.FIPS.180-4.pdf,active,,
standard:fips-186-5,FIPS 186-5,standard,library,FIPS 186-5,https://csrc.nist.gov/pubs/fips/186-5/final,active,,
standard:fips-197,FIPS-197,standard,library,FIPS-197,https://csrc.nist.gov/pubs/fips/197/final,active,,
standard:fips-198,FIPS-198,standard,library,FIPS-198,https://csrc.nist.gov/pubs/fips/198/final,active,,
standard:fips-198-1,FIPS-198-1,standard,library,FIPS-198-1,https://csrc.nist.gov/pubs/fips/198-1/final,active,,
standard:fips-202,FIPS 202,standard,library,FIPS 202,https://csrc.nist.gov/publications/detail/fips/202/final,active,,
standard:fips-203,FIPS 203,standard,library,FIPS 203,https://nvlpubs.nist.gov/nistpubs/FIPS/NIST.FIPS.203.pdf,active,,
standard:fips-204,FIPS 204,standard,library,FIPS 204,https://nvlpubs.nist.gov/nistpubs/FIPS/NIST.FIPS.204.pdf,active,,
standard:fips-205,FIPS 205,standard,library,FIPS 205,https://nvlpubs.nist.gov/nistpubs/FIPS/NIST.FIPS.205.pdf,active,,
standard:fips-206,FIPS 206,standard,library,FIPS 206,https://csrc.nist.gov/projects/post-quantum-cryptography,active,,
standard:fs-isac-pqc-timeline-2026,FS-ISAC-PQC-Timeline-2026,standard,library,FS-ISAC-PQC-Timeline-2026,https://www.fsisac.com/hubfs/Knowledge/PQC/FS-ISAC-PQC-Timelines-White-Paper.pdf,active,,
standard:gri-quantum-threat-timeline-2024,GRI-Quantum-Threat-Timeline-2024,standard,library,GRI-Quantum-Threat-Timeline-2024,https://globalriskinstitute.org/publication/2024-quantum-threat-timeline-report/,active,,
standard:gsa-pqc-buyers-guide-2025,GSA-PQC-Buyers-Guide-2025,standard,library,GSA-PQC-Buyers-Guide-2025,https://buy.gsa.gov/api/system/files/documents/final-508c-pqc_buyer-s_guide_2025.pdf,active,,
standard:gsma-pq03-pqc-guidelines,GSMA PQ.03 PQC Guidelines,standard,library,GSMA PQ.03 PQC Guidelines,https://www.gsma.com/newsroom/wp-content/uploads/PQ.03-Post-Quantum-Cryptography-Guidelines-for-Telecom-Use-Cases-v2.0-2.pdf,active,,
standard:gsma-pq03-v2-2024,GSMA-PQ03-v2-2024,standard,library,GSMA-PQ03-v2-2024,https://www.gsma.com/newsroom/wp-content/uploads//PQ.03-Post-Quantum-Cryptography-Guidelines-for-Telecom-Use-Cases-v2.0-2.pdf,active,,
standard:gsma-pqc-country-survey-2025,GSMA-PQC-Country-Survey-2025,standard,library,GSMA-PQC-Country-Survey-2025,https://www.gsma.com/newsroom/wp-content/uploads//Post-Quantum-Government-Initiatives-by-Country-and-Region-02-Mar-2025-Clean.pdf,active,,
standard:hqc-specification,HQC Specification,standard,library,HQC Specification,https://pqc-hqc.org/doc/hqc_specifications_2025_08_22.pdf,active,,
standard:ibm-cbom-harishankar,IBM-CBOM-Harishankar,standard,library,IBM-CBOM-Harishankar,https://research.ibm.com/blog/cryptographic-bill-of-materials,active,,
standard:iec-62443,IEC 62443,standard,library,IEC 62443,https://www.iec.ch/iecsaal/,active,,
standard:ieee-1363,IEEE 1363,standard,library,IEEE 1363,https://standards.ieee.org/ieee/1363/1024/,active,,
standard:ieee-1363a,IEEE 1363a,standard,library,IEEE 1363a,https://standards.ieee.org/ieee/1363a/2004/,active,,
standard:ietf-ml-kem-for-tls-13,IETF-ML-KEM-for-TLS-1.3,standard,library,IETF-ML-KEM-for-TLS-1.3,,active,,
standard:ietf-mtc-draft-09,IETF-MTC-Draft-09,standard,library,IETF-MTC-Draft-09,https://datatracker.ietf.org/doc/draft-ietf-plants-merkle-tree-certs/,active,,
standard:ietf-rfc-7296,IETF RFC 7296,standard,library,IETF RFC 7296,https://www.rfc-editor.org/rfc/rfc7296.html,active,,
standard:ietf-rfc-7662,IETF RFC 7662,standard,library,IETF RFC 7662,https://www.rfc-editor.org/rfc/rfc7662,active,,
standard:ietf-rfc-8391,IETF RFC 8391,standard,library,IETF RFC 8391,https://www.rfc-editor.org/rfc/rfc8391.html,active,,
standard:ietf-rfc-8554,IETF RFC 8554,standard,library,IETF RFC 8554,https://www.rfc-editor.org/rfc/rfc8554.html,active,,
standard:ietf-rfc-8709,IETF RFC 8709,standard,library,IETF RFC 8709,https://www.rfc-editor.org/rfc/rfc8709,active,,
standard:ietf-rfc-8731,IETF RFC 8731,standard,library,IETF RFC 8731,https://www.rfc-editor.org/rfc/rfc8731.html,active,,
standard:ietf-rfc-8784,IETF RFC 8784,standard,library,IETF RFC 8784,https://www.rfc-editor.org/rfc/rfc8784.html,active,,
standard:ietf-rfc-9180,IETF RFC 9180,standard,library,IETF RFC 9180,https://www.rfc-editor.org/rfc/rfc9180,active,,
standard:ietf-rfc-9258,IETF RFC 9258,standard,library,IETF RFC 9258,https://www.rfc-editor.org/rfc/rfc9258,active,,
standard:ietf-rfc-9370,IETF RFC 9370,standard,library,IETF RFC 9370,https://www.rfc-editor.org/rfc/rfc9370.html,active,,
standard:ietf-rfc-9763,IETF RFC 9763,standard,library,IETF RFC 9763,https://www.rfc-editor.org/rfc/rfc9763,active,,
standard:ietf-rfc-9909,IETF RFC 9909,standard,library,IETF RFC 9909,https://www.rfc-editor.org/rfc/rfc9909,active,,
standard:il-incd-cybersecurity-strategy-2025,IL-INCD-Cybersecurity-Strategy-2025,standard,library,IL-INCD-Cybersecurity-Strategy-2025,https://www.gov.il/BlobFolder/news/cyber_strategy_2025/en/israel_national_cybersecurity_strategy_feb2025.pdf,active,,
standard:iso-18013-5-mdl,ISO-18013-5-mDL,standard,library,ISO-18013-5-mDL,https://www.iso.org/standard/69084.html,active,,
standard:iso-27001,ISO-27001,standard,library,ISO-27001,,active,,
standard:iso-iec-14888-42024,ISO/IEC 14888-4:2024,standard,library,ISO/IEC 14888-4:2024,https://www.iso.org/standard/80492.html,active,,
standard:iso-iec-18033-22006,ISO/IEC 18033-2:2006,standard,library,ISO/IEC 18033-2:2006,https://www.iso.org/standard/54653.html,active,,
standard:iso-iec-19790,ISO-IEC-19790,standard,library,ISO-IEC-19790,,active,,
standard:iso-iec-24759,ISO-IEC-24759,standard,library,ISO-IEC-24759,,active,,
standard:itpro-monetizing-quantum-shift-pqc-2026,ITPro-Monetizing-Quantum-Shift-PQC-2026,standard,library,ITPro-Monetizing-Quantum-Shift-PQC-2026,https://www.itpro.com/security/monetizing-the-quantum-shift-11-pqc-channel-opportunities,active,,
standard:japan-cryptrec-report-2024,Japan CRYPTREC Report 2024,standard,library,Japan CRYPTREC Report 2024,https://www.cryptrec.go.jp/report/cryptrec-gl-2007-2024.pdf,active,,
standard:kmip-v2-1-oasis,KMIP-V2-1-OASIS,standard,library,KMIP-V2-1-OASIS,https://docs.oasis-open.org/kmip/kmip-spec/v2.1/os/kmip-spec-v2.1-os.html,active,,
standard:kpqc-aimer,KpqC-AIMer,standard,library,KpqC-AIMer,https://www.kpqc.or.kr/images/pdf/AIMer.pdf,active,,
standard:kpqc-competition-results,KpqC-Competition-Results,standard,library,KpqC-Competition-Results,https://www.kpqc.or.kr/competition.html,active,,
standard:kpqc-ntru-plus,KpqC-NTRU-Plus,standard,library,KpqC-NTRU-Plus,https://www.kpqc.or.kr/images/pdf/NTRU+.pdf,active,,
standard:kpqc-smaug-t,KpqC-SMAUG-T,standard,library,KpqC-SMAUG-T,https://kpqc.cryptolab.co.kr/smaug-t,active,,
standard:ledger-enterprise-mpc-readiness,Ledger-Enterprise-MPC-Readiness,standard,library,Ledger-Enterprise-MPC-Readiness,,active,,
standard:liboqs-cpp,Liboqs-cpp,standard,library,Liboqs-cpp,https://github.com/open-quantum-safe/liboqs-cpp,active,,
standard:liboqs-go,Liboqs-go,standard,library,Liboqs-go,https://github.com/open-quantum-safe/liboqs-go,active,,
standard:liboqs-v0150,liboqs-v0.15.0,standard,library,liboqs-v0.15.0,https://openquantumsafe.org/liboqs/,active,,
standard:meta-pqc-migration-2026,Meta-PQC-Migration-2026,standard,library,Meta-PQC-Migration-2026,https://engineering.fb.com/2026/04/16/security/post-quantum-cryptography-migration-at-meta-framework-lessons-and-takeaways/,active,,
standard:microchip-ts1800-pqc-rootoftrust-2026,Microchip-TS1800-PQC-RootOfTrust-2026,standard,library,Microchip-TS1800-PQC-RootOfTrust-2026,https://embeddedcomputing.com/technology/processing/compute-modules/microchip-expands-family-of-post-quantum-ready-root-of-trust-controllers,active,,
standard:microsoft-pqc-research,Microsoft-PQC-Research,standard,library,Microsoft-PQC-Research,https://www.microsoft.com/en-us/research/project/post-quantum-cryptography/,active,,
standard:nist-cmvp-mip-list,NIST-CMVP-MIP-List,standard,library,NIST-CMVP-MIP-List,https://csrc.nist.gov/projects/cryptographic-module-validation-program/modules-in-process/modules-in-process-list,active,,
standard:nist-fips140-3-ig-pqc,NIST-FIPS140-3-IG-PQC,standard,library,NIST-FIPS140-3-IG-PQC,https://csrc.nist.gov/csrc/media/Projects/cryptographic-module-validation-program/documents/fips%20140-3/FIPS%20140-3%20IG.pdf,active,,
standard:nist-ir-8413,NIST IR 8413,standard,library,NIST IR 8413,https://nvlpubs.nist.gov/nistpubs/ir/2022/NIST.IR.8413-upd1.pdf,active,,
standard:nist-ir-8528,NIST-IR-8528,standard,library,NIST-IR-8528,https://nvlpubs.nist.gov/nistpubs/ir/2024/NIST.IR.8528.pdf,active,,
standard:nist-ir-8545,NIST IR 8545,standard,library,NIST IR 8545,https://nvlpubs.nist.gov/nistpubs/ir/2025/NIST.IR.8545.pdf,active,,
standard:nist-ir-8547,NIST IR 8547,standard,library,NIST IR 8547,https://csrc.nist.gov/pubs/ir/8547/ipd,active,,
standard:nist-nccoe-sp-1800-38a,NIST NCCoE SP 1800-38A,standard,library,NIST NCCoE SP 1800-38A,https://www.nccoe.nist.gov/sites/default/files/2023-04/pqc-migration-nist-sp-1800-38a-preliminary-draft.pdf,active,,
standard:nist-nccoe-sp-1800-38b,NIST NCCoE SP 1800-38B,standard,library,NIST NCCoE SP 1800-38B,https://www.nccoe.nist.gov/sites/default/files/2023-12/pqc-migration-nist-sp-1800-38b-preliminary-draft.pdf,active,,
standard:nist-nccoe-sp-1800-38c,NIST NCCoE SP 1800-38C,standard,library,NIST NCCoE SP 1800-38C,https://www.nccoe.nist.gov/sites/default/files/2023-12/pqc-migration-nist-sp-1800-38c-preliminary-draft.pdf,active,,
standard:nist-sp-1800-38b,NIST-SP-1800-38B,standard,library,NIST-SP-1800-38B,https://csrc.nist.gov/pubs/sp/1800/38b/final,active,,
standard:nist-sp-800-108-r1,NIST-SP-800-108-R1,standard,library,NIST-SP-800-108-R1,https://nvlpubs.nist.gov/nistpubs/SpecialPublications/NIST.SP.800-108r1.pdf,active,,
standard:nist-sp-800-131a-rev3,NIST-SP-800-131A-Rev3,standard,library,NIST-SP-800-131A-Rev3,https://csrc.nist.gov/pubs/sp/800/131/a/r3/ipd,active,,
standard:nist-sp-800-140a,NIST-SP-800-140A,standard,library,NIST-SP-800-140A,https://nvlpubs.nist.gov/nistpubs/SpecialPublications/NIST.SP.800-140A.pdf,active,,
standard:nist-sp-800-140c,NIST-SP-800-140C,standard,library,NIST-SP-800-140C,https://nvlpubs.nist.gov/nistpubs/SpecialPublications/NIST.SP.800-140C.pdf,active,,
standard:nist-sp-800-140cr1,NIST-SP-800-140Cr1,standard,library,NIST-SP-800-140Cr1,https://csrc.nist.gov/pubs/sp/800/140cr1/final,active,,
standard:nist-sp-800-140d,NIST-SP-800-140D,standard,library,NIST-SP-800-140D,https://nvlpubs.nist.gov/nistpubs/SpecialPublications/NIST.SP.800-140D.pdf,active,,
standard:nist-sp-800-140dr1,NIST-SP-800-140Dr1,standard,library,NIST-SP-800-140Dr1,https://csrc.nist.gov/pubs/sp/800/140dr1/final,active,,
standard:nist-sp-800-208,NIST SP 800-208,standard,library,NIST SP 800-208,https://nvlpubs.nist.gov/nistpubs/SpecialPublications/NIST.SP.800-208.pdf,active,,
standard:nist-sp-800-218,NIST SP 800-218,standard,library,NIST SP 800-218,https://nvlpubs.nist.gov/nistpubs/SpecialPublications/NIST.SP.800-218.pdf,active,,
standard:nist-sp-800-227,NIST SP 800-227,standard,library,NIST SP 800-227,https://nvlpubs.nist.gov/nistpubs/SpecialPublications/NIST.SP.800-227.pdf,active,,
standard:nist-sp-800-230-ipd,NIST-SP-800-230-ipd,standard,library,NIST-SP-800-230-ipd,https://csrc.nist.gov/pubs/sp/800/230/ipd,active,,
standard:nist-sp-800-232,NIST-SP-800-232,standard,library,NIST-SP-800-232,https://nvlpubs.nist.gov/nistpubs/SpecialPublications/NIST.SP.800-232.pdf,active,,
standard:nist-sp-800-53,NIST-SP-800-53,standard,library,NIST-SP-800-53,https://csrc.nist.gov/pubs/sp/800/53/final,active,,
standard:nist-sp-800-56c-r2,NIST-SP-800-56C-R2,standard,library,NIST-SP-800-56C-R2,https://nvlpubs.nist.gov/nistpubs/SpecialPublications/NIST.SP.800-56Cr2.pdf,active,,
standard:nist-sp-800-57-pt1-r6,NIST-SP-800-57-Pt1-R6,standard,library,NIST-SP-800-57-Pt1-R6,https://nvlpubs.nist.gov/nistpubs/SpecialPublications/NIST.SP.800-57pt1r6.ipd.pdf,active,,
standard:nist-sp-800-63-3,NIST-SP-800-63-3,standard,library,NIST-SP-800-63-3,https://pages.nist.gov/800-63-3/,active,,
standard:nist-sp-800-90a-r1,NIST-SP-800-90A-R1,standard,library,NIST-SP-800-90A-R1,https://csrc.nist.gov/pubs/sp/800/90/a/r1/final,active,,
standard:nist-sp-800-90b,NIST-SP-800-90B,standard,library,NIST-SP-800-90B,https://csrc.nist.gov/pubs/sp/800/90/b/final,active,,
standard:nist-sp-800-90c,NIST-SP-800-90C,standard,library,NIST-SP-800-90C,https://csrc.nist.gov/pubs/sp/800/90/c/final,active,,
standard:ntnu-pqc-challenges-silde,NTNU-PQC-Challenges-Silde,standard,library,NTNU-PQC-Challenges-Silde,,active,,
standard:omb-m-23-02,OMB-M-23-02,standard,library,OMB-M-23-02,https://www.whitehouse.gov/wp-content/uploads/2022/11/M-23-02-M-Memo-on-Migrating-to-Post-Quantum-Cryptography.pdf,active,,
standard:openid4vci-spec,OpenID4VCI-Spec,standard,library,OpenID4VCI-Spec,https://openid.net/specs/openid-4-verifiable-credential-issuance-1_0.html,active,,
standard:openid4vp-spec,OpenID4VP-Spec,standard,library,OpenID4VP-Spec,https://openid.net/specs/openid-4-verifiable-presentations-1_0.html,active,,
standard:openssl-350-release,OpenSSL-3.5.0-Release,standard,library,OpenSSL-3.5.0-Release,https://www.openssl.org/news/openssl-3.5-notes.html,active,,
standard:openssl-3x-docs,OpenSSL-3x-Docs,standard,library,OpenSSL-3x-Docs,https://www.openssl.org/docs/,active,,
standard:owasp-cyclonedx-cbom-guide,OWASP-CycloneDX-CBOM-Guide,standard,library,OWASP-CycloneDX-CBOM-Guide,https://cyclonedx.org/capabilities/cbom/,active,,
standard:pkcs11-v3-oasis,PKCS11-V3-OASIS,standard,library,PKCS11-V3-OASIS,https://docs.oasis-open.org/pkcs11/pkcs11-base/v3.0/os/pkcs11-base-v3.0-os.html,active,,
standard:pkcs11-v32-oasis,PKCS11-V32-OASIS,standard,library,PKCS11-V32-OASIS,https://docs.oasis-open.org/pkcs11/pkcs11-spec/v3.2/csd01/pkcs11-spec-v3.2-csd01.html,active,,
standard:pqcc-inventory-workbook-2025,PQCC-Inventory-Workbook-2025,standard,library,PQCC-Inventory-Workbook-2025,https://pqcc.org/pqc-inventory-workbook/,active,,
standard:pqcc-migration-roadmap-2025,PQCC-Migration-Roadmap-2025,standard,library,PQCC-Migration-Roadmap-2025,https://pqcc.org/post-quantum-cryptography-migration-roadmap/,active,,
standard:proact-2025-sca-lattice-pqc,PROACT-2025-SCA-Lattice-PQC,standard,library,PROACT-2025-SCA-Lattice-PQC,https://proact-school.cs.ru.nl/assets/uploads/slides/PROACT2025.pdf,active,,
standard:qccpa-2022,QCCPA-2022,standard,library,QCCPA-2022,https://www.congress.gov/bill/117th-congress/house-bill/7535,active,,
standard:qrl-quantum-resistant-ledger,QRL-Quantum-Resistant-Ledger,standard,library,QRL-Quantum-Resistant-Ledger,,active,,
standard:quantumfinanceboardroom-ganguly-pqc-ch24-2026,QuantumFinanceBoardroom-Ganguly-PQC-Ch24-2026,standard,library,QuantumFinanceBoardroom-Ganguly-PQC-Ch24-2026,https://www.thequantumfinanceboardroom.com,active,,
standard:quantuminsider-25-companies-pqc-2026,QuantumInsider-25-Companies-PQC-2026,standard,library,QuantumInsider-25-Companies-PQC-2026,https://thequantuminsider.com/2026/03/25/25-companies-building-the-quantum-cryptography-communications-markets/,active,,
standard:radboud-mtc-thesis-2025,Radboud-MTC-Thesis-2025,standard,library,Radboud-MTC-Thesis-2025,https://www.cs.ru.nl/masters-theses/2025/M_Pohl___Implementation_and_Analysis_of_Merkle_Tree_Certificates_for_Post-Quantum_Secure_Authentication_in_TLS.pdf,active,,
standard:ref-fukuda-grand-challenge,ref-fukuda-grand-challenge,standard,library,ref-fukuda-grand-challenge,https://eprint.iacr.org/2025/1626.pdf,active,,
standard:ref-kim-ecdlp,ref-kim-ecdlp,standard,library,ref-kim-ecdlp,https://eprint.iacr.org/2026/106.pdf,active,,
standard:regev-lwe-survey,Regev-LWE-Survey,standard,library,Regev-LWE-Survey,https://cims.nyu.edu/~regev/papers/lwesurvey.pdf,active,,
standard:rfc-0793,RFC-0793,standard,library,RFC-0793,https://www.rfc-editor.org/rfc/rfc0793,active,,
standard:rfc-1847,RFC 1847,standard,library,RFC 1847,https://www.rfc-editor.org/rfc/rfc1847.html,active,,
standard:rfc-1950,RFC-1950,standard,library,RFC-1950,https://www.rfc-editor.org/rfc/rfc1950,active,,
standard:rfc-2119,RFC 2119,standard,library,RFC 2119,https://www.rfc-editor.org/rfc/rfc2119.html,active,,
standard:rfc-2397,RFC-2397,standard,library,RFC-2397,https://www.rfc-editor.org/rfc/rfc2397,active,,
standard:rfc-3370,RFC 3370,standard,library,RFC 3370,https://www.rfc-editor.org/rfc/rfc3370.html,active,,
standard:rfc-3394,RFC 3394,standard,library,RFC 3394,https://www.rfc-editor.org/rfc/rfc3394.html,active,,
standard:rfc-3560,RFC 3560,standard,library,RFC 3560,https://www.rfc-editor.org/rfc/rfc3560.html,active,,
standard:rfc-3647,RFC-3647,standard,library,RFC-3647,https://www.rfc-editor.org/rfc/rfc3647,active,,
standard:rfc-4056,RFC 4056,standard,library,RFC 4056,https://www.rfc-editor.org/rfc/rfc4056.html,active,,
standard:rfc-4210,RFC 4210,standard,library,RFC 4210,https://www.rfc-editor.org/rfc/rfc4210.html,active,,
standard:rfc-4250,RFC 4250,standard,library,RFC 4250,https://www.rfc-editor.org/rfc/rfc4250.html,active,,
standard:rfc-4251,RFC 4251,standard,library,RFC 4251,https://www.rfc-editor.org/rfc/rfc4251.html,active,,
standard:rfc-4253,RFC 4253,standard,library,RFC 4253,https://www.rfc-editor.org/rfc/rfc4253.html,active,,
standard:rfc-4255,RFC-4255,standard,library,RFC-4255,https://www.rfc-editor.org/rfc/rfc4255,active,,
standard:rfc-4301,RFC 4301,standard,library,RFC 4301,https://www.rfc-editor.org/rfc/rfc4301.html,active,,
standard:rfc-4302,RFC 4302,standard,library,RFC 4302,https://www.rfc-editor.org/rfc/rfc4302.html,active,,
standard:rfc-4303,RFC 4303,standard,library,RFC 4303,https://www.rfc-editor.org/rfc/rfc4303.html,active,,
standard:rfc-4306,RFC 4306,standard,library,RFC 4306,https://www.rfc-editor.org/rfc/rfc4306.html,active,,
standard:rfc-4346,RFC-4346,standard,library,RFC-4346,https://www.rfc-editor.org/rfc/rfc4346,active,,
standard:rfc-4718,RFC 4718,standard,library,RFC 4718,https://www.rfc-editor.org/rfc/rfc4718.html,active,,
standard:rfc-5056,RFC 5056,standard,library,RFC 5056,https://www.rfc-editor.org/rfc/rfc5056.html,active,,
standard:rfc-5083,RFC 5083,standard,library,RFC 5083,https://www.rfc-editor.org/rfc/rfc5083.html,active,,
standard:rfc-5234,RFC-5234,standard,library,RFC-5234,https://www.rfc-editor.org/rfc/rfc5234,active,,
standard:rfc-5246,RFC 5246,standard,library,RFC 5246,https://www.rfc-editor.org/rfc/rfc5246.html,active,,
standard:rfc-5280,RFC 5280,standard,library,RFC 5280,https://www.rfc-editor.org/rfc/rfc5280.html,active,,
standard:rfc-5469,RFC-5469,standard,library,RFC-5469,https://www.rfc-editor.org/rfc/rfc5469,active,,
standard:rfc-5652,RFC 5652,standard,library,RFC 5652,https://www.rfc-editor.org/rfc/rfc5652.html,active,,
standard:rfc-5741,RFC-5741,standard,library,RFC-5741,https://www.rfc-editor.org/rfc/rfc5741,active,,
standard:rfc-5751,RFC 5751,standard,library,RFC 5751,https://www.rfc-editor.org/rfc/rfc5751.html,active,,
standard:rfc-5754,RFC 5754,standard,library,RFC 5754,https://www.rfc-editor.org/rfc/rfc5754.html,active,,
standard:rfc-5763,RFC-5763,standard,library,RFC-5763,https://www.rfc-editor.org/rfc/rfc5763,active,,
standard:rfc-5869,RFC 5869,standard,library,RFC 5869,https://www.rfc-editor.org/rfc/rfc5869,active,,
standard:rfc-5911,RFC 5911,standard,library,RFC 5911,https://www.rfc-editor.org/rfc/rfc5911.html,active,,
standard:rfc-5912,RFC 5912,standard,library,RFC 5912,https://www.rfc-editor.org/rfc/rfc5912.html,active,,
standard:rfc-5958,RFC 5958,standard,library,RFC 5958,https://www.rfc-editor.org/rfc/rfc5958.html,active,,
standard:rfc-5990,RFC 5990,standard,library,RFC 5990,https://www.rfc-editor.org/rfc/rfc5990.html,active,,
standard:rfc-5996,RFC 5996,standard,library,RFC 5996,https://www.rfc-editor.org/rfc/rfc5996.html,active,,
standard:rfc-6019,RFC-6019,standard,library,RFC-6019,https://www.rfc-editor.org/rfc/rfc6019,active,,
standard:rfc-6024,RFC-6024,standard,library,RFC-6024,https://www.rfc-editor.org/rfc/rfc6024,active,,
standard:rfc-6090,RFC 6090,standard,library,RFC 6090,https://www.rfc-editor.org/rfc/rfc6090.html,active,,
standard:rfc-6176,RFC 6176,standard,library,RFC 6176,https://www.rfc-editor.org/rfc/rfc6176.html,active,,
standard:rfc-6347,RFC-6347,standard,library,RFC-6347,https://www.rfc-editor.org/rfc/rfc6347,active,,
standard:rfc-6594,RFC-6594,standard,library,RFC-6594,https://www.rfc-editor.org/rfc/rfc6594,active,,
standard:rfc-6749,RFC 6749,standard,library,RFC 6749,https://www.rfc-editor.org/rfc/rfc6749.html,active,,
standard:rfc-6750,RFC-6750,standard,library,RFC-6750,https://www.rfc-editor.org/rfc/rfc6750,active,,
standard:rfc-6763,RFC-6763,standard,library,RFC-6763,https://www.rfc-editor.org/rfc/rfc6763,active,,
standard:rfc-6928,RFC-6928,standard,library,RFC-6928,https://www.rfc-editor.org/rfc/rfc6928,active,,
standard:rfc-6960,RFC-6960,standard,library,RFC-6960,https://www.rfc-editor.org/rfc/rfc6960,active,,
standard:rfc-6962,RFC 6962,standard,library,RFC 6962,https://www.rfc-editor.org/rfc/rfc6962.html,active,,
standard:rfc-7009,RFC-7009,standard,library,RFC-7009,https://www.rfc-editor.org/rfc/rfc7009,active,,
standard:rfc-7159,RFC-7159,standard,library,RFC-7159,https://www.rfc-editor.org/rfc/rfc7159.html,active,,
standard:rfc-7228,RFC 7228,standard,library,RFC 7228,https://www.rfc-editor.org/rfc/rfc7228.html,active,,
standard:rfc-7231,RFC-7231,standard,library,RFC-7231,https://www.rfc-editor.org/rfc/rfc7231,active,,
standard:rfc-7250,RFC 7250,standard,library,RFC 7250,https://www.rfc-editor.org/rfc/rfc7250.html,active,,
standard:rfc-7301,RFC-7301,standard,library,RFC-7301,https://www.rfc-editor.org/rfc/rfc7301,active,,
standard:rfc-7383,RFC-7383,standard,library,RFC-7383,https://www.rfc-editor.org/rfc/rfc7383,active,,
standard:rfc-7427,RFC-7427,standard,library,RFC-7427,https://www.rfc-editor.org/rfc/rfc7427,active,,
standard:rfc-7465,RFC-7465,standard,library,RFC-7465,https://www.rfc-editor.org/rfc/rfc7465,active,,
standard:rfc-7468,RFC 7468,standard,library,RFC 7468,https://www.rfc-editor.org/rfc/rfc7468.html,active,,
standard:rfc-7479,RFC-7479,standard,library,RFC-7479,https://www.rfc-editor.org/rfc/rfc7479,active,,
standard:rfc-7515,RFC 7515,standard,library,RFC 7515,https://www.rfc-editor.org/rfc/rfc7515.html,active,,
standard:rfc-7516,RFC 7516,standard,library,RFC 7516,https://www.rfc-editor.org/rfc/rfc7516.html,active,,
standard:rfc-7517,RFC 7517,standard,library,RFC 7517,https://www.rfc-editor.org/rfc/rfc7517.html,active,,
standard:rfc-7518,RFC 7518,standard,library,RFC 7518,https://www.rfc-editor.org/rfc/rfc7518.html,active,,
standard:rfc-7519,RFC 7519,standard,library,RFC 7519,https://www.rfc-editor.org/rfc/rfc7519.html,active,,
standard:rfc-7525,RFC-7525,standard,library,RFC-7525,https://www.rfc-editor.org/rfc/rfc7525,active,,
standard:rfc-7568,RFC 7568,standard,library,RFC 7568,https://www.rfc-editor.org/rfc/rfc7568.html,active,,
standard:rfc-7638,RFC-7638,standard,library,RFC-7638,https://www.rfc-editor.org/rfc/rfc7638,active,,
standard:rfc-7748,RFC 7748,standard,library,RFC 7748,https://www.rfc-editor.org/rfc/rfc7748.html,active,,
standard:rfc-7841,RFC-7841,standard,library,RFC-7841,https://www.rfc-editor.org/rfc/rfc7841,active,,
standard:rfc-7924,RFC-7924,standard,library,RFC-7924,https://www.rfc-editor.org/rfc/rfc7924.html,active,,
standard:rfc-7932,RFC-7932,standard,library,RFC-7932,https://www.rfc-editor.org/rfc/rfc7932,active,,
standard:rfc-8017,RFC 8017,standard,library,RFC 8017,https://www.rfc-editor.org/rfc/rfc8017.html,active,,
standard:rfc-8032,RFC-8032,standard,library,RFC-8032,https://datatracker.ietf.org/doc/html/rfc8032,active,,
standard:rfc-8037,RFC 8037,standard,library,RFC 8037,https://www.rfc-editor.org/rfc/rfc8037.html,active,,
standard:rfc-8126,RFC-8126,standard,library,RFC-8126,https://www.rfc-editor.org/rfc/rfc8126.html,active,,
standard:rfc-8152,RFC-8152,standard,library,RFC-8152,https://www.rfc-editor.org/rfc/rfc8152,active,,
standard:rfc-8174,RFC 8174,standard,library,RFC 8174,https://www.rfc-editor.org/rfc/rfc8174.html,active,,
standard:rfc-8229,RFC-8229,standard,library,RFC-8229,https://www.rfc-editor.org/rfc/rfc8229,active,,
standard:rfc-8230,RFC-8230,standard,library,RFC-8230,https://www.rfc-editor.org/rfc/rfc8230,active,,
standard:rfc-8240,RFC-8240,standard,library,RFC-8240,https://www.rfc-editor.org/rfc/rfc8240,active,,
standard:rfc-8410,RFC-8410,standard,library,RFC-8410,https://www.rfc-editor.org/rfc/rfc8410,active,,
standard:rfc-8420,RFC-8420,standard,library,RFC-8420,https://www.rfc-editor.org/rfc/rfc8420,active,,
standard:rfc-8446,RFC 8446,standard,library,RFC 8446,https://www.rfc-editor.org/rfc/rfc8446.html,active,,
standard:rfc-8447,RFC-8447,standard,library,RFC-8447,https://www.rfc-editor.org/rfc/rfc8447.html,active,,
standard:rfc-8478,RFC-8478,standard,library,RFC-8478,https://www.rfc-editor.org/rfc/rfc8478.html,active,,
standard:rfc-8551,RFC 8551,standard,library,RFC 8551,https://www.rfc-editor.org/rfc/rfc8551.html,active,,
standard:rfc-8603,RFC 8603,standard,library,RFC 8603,https://www.rfc-editor.org/rfc/rfc8603.html,active,,
standard:rfc-8610,RFC-8610,standard,library,RFC-8610,https://www.rfc-editor.org/rfc/rfc8610,active,,
standard:rfc-8702,RFC 8702,standard,library,RFC 8702,https://www.rfc-editor.org/rfc/rfc8702.html,active,,
standard:rfc-8705,RFC-8705,standard,library,RFC-8705,https://www.rfc-editor.org/rfc/rfc8705,active,,
standard:rfc-8707,RFC-8707,standard,library,RFC-8707,https://www.rfc-editor.org/rfc/rfc8707,active,,
standard:rfc-8725,RFC 8725,standard,library,RFC 8725,https://www.rfc-editor.org/rfc/rfc8725.html,active,,
standard:rfc-8755,RFC 8755,standard,library,RFC 8755,https://www.rfc-editor.org/rfc/rfc8755.html,active,,
standard:rfc-8756,RFC 8756,standard,library,RFC 8756,https://www.rfc-editor.org/rfc/rfc8756.html,active,,
standard:rfc-8792,RFC-8792,standard,library,RFC-8792,https://www.rfc-editor.org/rfc/rfc8792,active,,
standard:rfc-8879,RFC 8879,standard,library,RFC 8879,https://www.rfc-editor.org/rfc/rfc8879.html,active,,
standard:rfc-8996,RFC 8996,standard,library,RFC 8996,https://www.rfc-editor.org/rfc/rfc8996.html,active,,
standard:rfc-8998,RFC 8998,standard,library,RFC 8998,https://www.rfc-editor.org/rfc/rfc8998.html,active,,
standard:rfc-9000,RFC-9000,standard,library,RFC-9000,https://www.rfc-editor.org/rfc/rfc9000,active,,
standard:rfc-9001,RFC 9001,standard,library,RFC 9001,https://www.rfc-editor.org/rfc/rfc9001.html,active,,
standard:rfc-9019,RFC 9019,standard,library,RFC 9019,https://www.rfc-editor.org/rfc/rfc9019.html,active,,
standard:rfc-9052,RFC 9052,standard,library,RFC 9052,https://www.rfc-editor.org/rfc/rfc9052.html,active,,
standard:rfc-9053,RFC 9053,standard,library,RFC 9053,https://www.rfc-editor.org/rfc/rfc9053.html,active,,
standard:rfc-9110,RFC-9110,standard,library,RFC-9110,https://www.rfc-editor.org/rfc/rfc9110,active,,
standard:rfc-9146,RFC-9146,standard,library,RFC-9146,https://www.rfc-editor.org/rfc/rfc9146.html,active,,
standard:rfc-9147,RFC 9147,standard,library,RFC 9147,https://www.rfc-editor.org/rfc/rfc9147.html,active,,
standard:rfc-9155,RFC-9155,standard,library,RFC-9155,https://www.rfc-editor.org/rfc/rfc9155,active,,
standard:rfc-9162,RFC-9162,standard,library,RFC-9162,https://www.rfc-editor.org/rfc/rfc9162,active,,
standard:rfc-9180,RFC 9180,standard,library,RFC 9180,https://www.rfc-editor.org/rfc/rfc9180.html,active,,
standard:rfc-9242,RFC-9242,standard,library,RFC-9242,https://datatracker.ietf.org/doc/rfc9242/,active,,
standard:rfc-9258,RFC-9258,standard,library,RFC-9258,https://datatracker.ietf.org/doc/html/rfc9258,active,,
standard:rfc-9380,RFC-9380,standard,library,RFC-9380,https://www.rfc-editor.org/rfc/rfc9380,active,,
standard:rfc-9420,RFC 9420,standard,library,RFC 9420,https://www.rfc-editor.org/rfc/rfc9420.html,active,,
standard:rfc-9449,RFC 9449,standard,library,RFC 9449,https://www.rfc-editor.org/rfc/rfc9449.html,active,,
standard:rfc-9480,RFC 9480,standard,library,RFC 9480,https://www.rfc-editor.org/rfc/rfc9480.html,active,,
standard:rfc-9496,RFC-9496,standard,library,RFC-9496,https://www.rfc-editor.org/rfc/rfc9496.html,active,,
standard:rfc-9528,RFC 9528,standard,library,RFC 9528,https://www.rfc-editor.org/info/rfc9528,active,,
standard:rfc-9580,RFC 9580,standard,library,RFC 9580,https://www.rfc-editor.org/rfc/rfc9580.html,active,,
standard:rfc-9593,RFC 9593,standard,library,RFC 9593,https://www.rfc-editor.org/rfc/rfc9593.html,active,,
standard:rfc-9629,RFC 9629,standard,library,RFC 9629,https://www.rfc-editor.org/rfc/rfc9629.html,active,,
standard:rfc-9679,RFC-9679,standard,library,RFC-9679,https://www.rfc-editor.org/rfc/rfc9679,active,,
standard:rfc-9690,RFC 9690,standard,library,RFC 9690,https://www.rfc-editor.org/rfc/rfc9690.html,active,,
standard:rfc-9708,RFC 9708,standard,library,RFC 9708,https://www.rfc-editor.org/rfc/rfc9708.html,active,,
standard:rfc-9763,RFC-9763,standard,library,RFC-9763,https://www.rfc-editor.org/rfc/rfc9763.html,active,,
standard:rfc-9794,RFC 9794,standard,library,RFC 9794,https://www.rfc-editor.org/rfc/rfc9794.html,active,,
standard:rfc-9802,RFC 9802,standard,library,RFC 9802,https://www.rfc-editor.org/rfc/rfc9802.html,active,,
standard:rfc-9810,RFC 9810,standard,library,RFC 9810,https://www.rfc-editor.org/rfc/rfc9810.html,active,,
standard:rfc-9811,RFC 9811,standard,library,RFC 9811,https://www.rfc-editor.org/rfc/rfc9811.html,active,,
standard:rfc-9814,RFC 9814,standard,library,RFC 9814,https://www.rfc-editor.org/rfc/rfc9814.html,active,,
standard:rfc-9847,RFC 9847,standard,library,RFC 9847,https://www.rfc-editor.org/rfc/rfc9847.html,active,,
standard:rfc-9858,RFC 9858,standard,library,RFC 9858,https://www.rfc-editor.org/rfc/rfc9858.html,active,,
standard:rfc-9881,RFC 9881,standard,library,RFC 9881,https://www.rfc-editor.org/rfc/rfc9881.html,active,,
standard:rfc-9882,RFC 9882,standard,library,RFC 9882,https://www.rfc-editor.org/rfc/rfc9882.html,active,,
standard:rfc-9901-sd-jwt-vc,RFC-9901-SD-JWT-VC,standard,library,RFC-9901-SD-JWT-VC,https://www.rfc-editor.org/rfc/rfc9901,active,,
standard:rfc-9909,RFC-9909,standard,library,RFC-9909,https://www.rfc-editor.org/rfc/rfc9909.html,active,,
standard:rfc-9935,RFC-9935,standard,library,RFC-9935,https://www.rfc-editor.org/rfc/rfc9935,active,,
standard:rfc-9936,RFC-9936,standard,library,RFC-9936,https://www.rfc-editor.org/rfc/rfc9936,active,,
standard:sec-1,SEC 1,standard,library,SEC 1,https://www.secg.org/sec1-v2.pdf,active,,
standard:sec2-v2,SEC2-v2,standard,library,SEC2-v2,https://www.secg.org/sec2-v2.pdf,active,,
standard:slip-0010,SLIP-0010,standard,library,SLIP-0010,https://github.com/satoshilabs/slips/blob/master/slip-0010.md,active,,
standard:sui-pqc-blog,Sui-PQC-Blog,standard,library,Sui-PQC-Blog,,active,,
standard:swift-csp,SWIFT-CSP,standard,library,SWIFT-CSP,,active,,
standard:tcg-tpm-v185-part1,TCG-TPM-V185-Part1,standard,library,TCG-TPM-V185-Part1,https://trustedcomputinggroup.org/resource/tpm-library-specification/,active,,
standard:tcg-tpm-v185-part2,TCG-TPM-V185-Part2,standard,library,TCG-TPM-V185-Part2,https://trustedcomputinggroup.org/resource/tpm-library-specification/,active,,
standard:tcg-tpm-v185-part3,TCG-TPM-V185-Part3,standard,library,TCG-TPM-V185-Part3,https://trustedcomputinggroup.org/resource/tpm-library-specification/,active,,
standard:uk-cmorg-pqc-guidance-2025,UK-CMORG-PQC-Guidance-2025,standard,library,UK-CMORG-PQC-Guidance-2025,https://www.cmorg.org.uk/sites/default/files/2025-06/CMORG%20-%20Guidance%20for%20Post-Quantum%20Cryptography%20-%20April%202025%20-%20TLP%20CLEAR%20(1).pdf,active,,
standard:us-qccpa-2022,US-QCCPA-2022,standard,library,US-QCCPA-2022,https://www.govinfo.gov/content/pkg/PLAW-117publ260/pdf/PLAW-117publ260.pdf,active,,
standard:usenix-2024-hqc-division-timing,USENIX-2024-HQC-Division-Timing,standard,library,USENIX-2024-HQC-Division-Timing,https://www.usenix.org/conference/usenixsecurity24/presentation/schr%C3%B6der,active,,
standard:viavi-pqc-migration-wp-2026,VIAVI-PQC-Migration-WP-2026,standard,library,VIAVI-PQC-Migration-WP-2026,https://comms.viavisolutions.com/pqc-white-paper-vs13177,active,,
standard:wef-2026-quantumsafe-migration-cryptodepth,WEF-2026-QuantumSafe-Migration-CryptoDepth,standard,library,WEF-2026-QuantumSafe-Migration-CryptoDepth,https://www.weforum.org/stories/preview/ce35c20a-e144-4032-9c89-8ae67b114560/,active,,
timeline:fips-203-204-205-published,"FIPS 203, 204, 205 Published",timeline,timeline,"FIPS 203, 204, 205 Published",https://csrc.nist.gov/pubs/fips/203/final,active,,
timeline:nss-acquisitions-cnsa-20-required,NSS Acquisitions CNSA 2.0 Required,timeline,timeline,NSS Acquisitions CNSA 2.0 Required,https://pqshield.com/what-is-cnsa-2-0-the-nsas-post-quantum-roadmap/,active,,
